method,lineName,direction,component,vehicle_count,start_time,end_time,duration,label
oa_mbr,M2333,1.0,"BS00077D,BS01899D",2,2019-01-04T07:48:07.000+08:00,2019-01-04T07:51:48.000+08:00,221.0,1
oa_mbr,M2333,1.0,"BS00077D,BS01899D",2,2019-01-04T08:08:16.000+08:00,2019-01-04T08:27:48.000+08:00,1172.0,1
oa_mbr,M2333,1.0,"BS01899D,BS07325D",2,2019-01-04T09:00:18.000+08:00,2019-01-04T09:03:38.000+08:00,200.0,1
oa_mbr,M2333,1.0,"BS00077D,BS01899D,BS07325D",3,2019-01-04T09:12:36.000+08:00,2019-01-04T09:23:16.000+08:00,640.0,1
oa_mbr,M2333,1.0,"BS00077D,BS07325D",2,2019-01-04T09:28:16.000+08:00,2019-01-04T09:31:51.000+08:00,215.0,1
oa_mbr,M2333,1.0,"BS00406D,BS01841D",2,2019-01-04T09:36:08.000+08:00,2019-01-04T09:39:47.000+08:00,219.0,1
oa_mbr,M2333,1.0,"BS35658D,BS45160D",2,2019-01-04T09:40:11.000+08:00,2019-01-04T09:47:44.000+08:00,453.0,1
oa_mbr,M2333,1.0,"BS04785D,BS35658D",2,2019-01-04T10:16:09.000+08:00,2019-01-04T10:19:49.000+08:00,220.0,1
oa_mbr,M2333,1.0,"SZBDL622,SZBDL631",2,2019-01-04T10:16:37.000+08:00,2019-01-04T10:35:48.000+08:00,1151.0,1
oa_mbr,M2333,1.0,"BS03383D,BS04317D",2,2019-01-04T10:28:11.000+08:00,2019-01-04T10:31:46.000+08:00,215.0,1
oa_mbr,M2333,1.0,"BS45016D,BS48818D",2,2019-01-04T11:44:15.000+08:00,2019-01-04T11:55:48.000+08:00,693.0,1
oa_mbr,M2333,1.0,"BS45016D,BS48818D",2,2019-01-04T12:00:12.000+08:00,2019-01-04T12:27:48.000+08:00,1656.0,1
oa_mbr,M2333,1.0,"BS04392D,BS09813D,BS48818D",3,2019-01-04T12:44:15.000+08:00,2019-01-04T12:47:47.000+08:00,212.0,1
oa_mbr,M2333,1.0,"BS01841D,BS06066D",2,2019-01-04T14:16:14.000+08:00,2019-01-04T14:19:46.000+08:00,212.0,1
oa_mbr,M2333,1.0,"BS01839D,BS01841D",2,2019-01-04T15:44:00.000+08:00,2019-01-04T15:51:50.000+08:00,470.0,1
oa_mbr,M2333,1.0,"BS00077D,BS08748D",2,2019-01-04T17:52:42.000+08:00,2019-01-04T18:03:42.000+08:00,660.0,1
oa_mbr,M2333,1.0,"BS00077D,BS08748D",2,2019-01-04T18:20:46.000+08:00,2019-01-04T18:39:46.000+08:00,1140.0,1
oa_mbr,M2333,1.0,"BS06103D,BS48818D",2,2019-01-04T18:48:11.000+08:00,2019-01-04T19:11:43.000+08:00,1412.0,1
oa_mbr,M2333,1.0,"BS00406D,BS45160D",2,2019-01-04T19:12:11.000+08:00,2019-01-04T19:27:31.000+08:00,920.0,1
oa_mbr,M2333,1.0,"BS04392D,BS48818D",2,2019-01-04T19:24:05.000+08:00,2019-01-04T19:27:25.000+08:00,200.0,1
oa_mbr,M2333,1.0,"BS35658D,BS45160D",2,2019-01-04T19:44:11.000+08:00,2019-01-04T19:47:41.000+08:00,210.0,1
oa_mbr,M2333,1.0,"BS00406D,BS45160D",2,2019-01-04T19:56:21.000+08:00,2019-01-04T20:03:51.000+08:00,450.0,1
oa_mbr,M2333,2.0,"BS01605D,BS08175D",2,2019-01-04T07:48:11.000+08:00,2019-01-04T07:59:47.000+08:00,696.0,1
oa_mbr,M2333,2.0,"BS08748D,BS30937D",2,2019-01-04T08:00:14.000+08:00,2019-01-04T08:03:46.000+08:00,212.0,1
oa_mbr,M2333,2.0,"BS01605D,BS08175D",2,2019-01-04T08:36:11.000+08:00,2019-01-04T08:39:38.000+08:00,207.0,1
oa_mbr,M2333,2.0,"BS45016D,BS48818D",2,2019-01-04T08:36:29.000+08:00,2019-01-04T08:39:45.000+08:00,196.0,1
oa_mbr,M2333,2.0,"BS08123D,BS30937D",2,2019-01-04T08:40:48.000+08:00,2019-01-04T08:43:48.000+08:00,180.0,1
oa_mbr,M2333,2.0,"BS45016D,BS48818D",2,2019-01-04T08:52:13.000+08:00,2019-01-04T08:59:43.000+08:00,450.0,1
oa_mbr,M2333,2.0,"BS08748D,BS30937D",2,2019-01-04T09:08:50.000+08:00,2019-01-04T09:43:09.000+08:00,2059.0,1
oa_mbr,M2333,2.0,"BS45016D,BS48818D",2,2019-01-04T09:32:10.000+08:00,2019-01-04T09:39:43.000+08:00,453.0,1
oa_mbr,M2333,2.0,"BS00652D,BS04358D",2,2019-01-04T09:36:12.000+08:00,2019-01-04T09:43:54.000+08:00,462.0,1
oa_mbr,M2333,2.0,"BS08748D,BS30937D",2,2019-01-04T09:52:10.000+08:00,2019-01-04T09:59:16.000+08:00,426.0,1
oa_mbr,M2333,2.0,"BS00027D,BS00652D",2,2019-01-04T10:24:36.000+08:00,2019-01-04T10:31:44.000+08:00,428.0,1
oa_mbr,M2333,2.0,"BS04785D,BS45160D",2,2019-01-04T11:56:14.000+08:00,2019-01-04T12:19:19.000+08:00,1385.0,1
oa_mbr,M2333,2.0,"BS00406D,BS06787D",2,2019-01-04T12:16:12.000+08:00,2019-01-04T12:19:46.000+08:00,214.0,1
oa_mbr,M2333,2.0,"BS04392D,BS48818D",2,2019-01-04T15:24:05.000+08:00,2019-01-04T15:27:55.000+08:00,230.0,1
oa_mbr,M2333,2.0,"BS00652D,BS48818D",2,2019-01-04T15:48:12.000+08:00,2019-01-04T15:55:45.000+08:00,453.0,1
oa_mbr,M2333,2.0,"BS07977D,SZBDL607",2,2019-01-04T17:32:11.000+08:00,2019-01-04T17:35:45.000+08:00,214.0,1
oa_mbr,M2333,2.0,"BS01605D,BS06787D",2,2019-01-04T17:44:31.000+08:00,2019-01-04T17:47:42.000+08:00,191.0,1
oa_mbr,M2333,2.0,"BS30937D,SZBDL542",2,2019-01-04T18:16:17.000+08:00,2019-01-04T18:19:33.000+08:00,196.0,1
oa_mbr,M2333,2.0,"BS30937D,SZBDL542",2,2019-01-04T18:24:37.000+08:00,2019-01-04T18:31:47.000+08:00,430.0,1
oa_mbr,M2333,2.0,"BS01839D,SZBDL607",2,2019-01-04T19:00:30.000+08:00,2019-01-04T19:31:45.000+08:00,1875.0,1
oa_mbr,M2333,2.0,"BS07977D,SZBDL607",2,2019-01-04T19:24:51.000+08:00,2019-01-04T19:31:41.000+08:00,410.0,1
oa_mbr,M2333,2.0,"BS01839D,BS07977D",2,2019-01-04T19:28:01.000+08:00,2019-01-04T19:31:41.000+08:00,220.0,1
oa_mbr,M2333,2.0,"BS00406D,BS45160D",2,2019-01-04T22:08:05.000+08:00,2019-01-04T22:23:33.000+08:00,928.0,1
oa_mbr,M2503,1.0,"BS09588D,BS31808D",2,2019-01-04T07:48:15.000+08:00,2019-01-04T07:51:44.000+08:00,209.0,1
oa_mbr,M2503,1.0,"BS36521D,BS38816D",2,2019-01-04T08:04:17.000+08:00,2019-01-04T08:15:58.000+08:00,701.0,1
oa_mbr,M2503,1.0,"BS09147D,BS09588D",2,2019-01-04T11:40:07.000+08:00,2019-01-04T11:43:27.000+08:00,200.0,1
oa_mbr,M2503,1.0,"BS06418D,BS09575D",2,2019-01-04T15:32:37.000+08:00,2019-01-04T15:35:41.000+08:00,184.0,1
oa_mbr,M2503,1.0,"BS06418D,BS09575D",2,2019-01-04T15:52:12.000+08:00,2019-01-04T15:55:43.000+08:00,211.0,1
oa_mbr,M2503,1.0,"BS09588D,BS31808D",2,2019-01-04T18:00:15.000+08:00,2019-01-04T18:07:44.000+08:00,449.0,1
oa_mbr,M2503,1.0,"BS06880D,BS39961D",2,2019-01-04T18:24:25.000+08:00,2019-01-04T18:39:45.000+08:00,920.0,1
oa_mbr,M2503,1.0,"BS04146D,BS07043D",2,2019-01-04T18:56:31.000+08:00,2019-01-04T19:11:33.000+08:00,902.0,1
oa_mbr,M2503,1.0,"BS06880D,BS39961D",2,2019-01-04T18:56:37.000+08:00,2019-01-04T19:03:39.000+08:00,422.0,1
oa_mbr,M2503,2.0,"BS09588D,BS31808D",2,2019-01-04T19:16:31.000+08:00,2019-01-04T19:51:49.000+08:00,2118.0,1
oa_mbr,M2503,2.0,"BS38816D,BS38888D",2,2019-01-04T21:08:19.000+08:00,2019-01-04T21:19:41.000+08:00,682.0,1
oa_mbr,M3353,1.0,"BS30321D,BS31509D",2,2019-01-04T09:04:44.000+08:00,2019-01-04T09:11:41.000+08:00,417.0,1
oa_mbr,M3353,1.0,"BS39179D,BS47985D",2,2019-01-04T09:08:15.000+08:00,2019-01-04T09:11:42.000+08:00,207.0,1
oa_mbr,M3353,1.0,"BS30452D,BS34147D",2,2019-01-04T09:20:43.000+08:00,2019-01-04T09:23:43.000+08:00,180.0,1
oa_mbr,M3353,1.0,"BS03377D,BS34603D,BS45211D",3,2019-01-04T09:24:41.000+08:00,2019-01-04T09:27:46.000+08:00,185.0,1
oa_mbr,M3353,1.0,"BS30321D,BS31509D",2,2019-01-04T09:28:03.000+08:00,2019-01-04T09:31:31.000+08:00,208.0,1
oa_mbr,M3353,1.0,"BS09053D,BS09075D",2,2019-01-04T09:32:38.000+08:00,2019-01-04T09:39:51.000+08:00,433.0,1
oa_mbr,M3353,1.0,"BS03377D,BS34603D",2,2019-01-04T09:52:41.000+08:00,2019-01-04T09:55:41.000+08:00,180.0,1
oa_mbr,M3353,1.0,"BS08761D,BS08968D,BS34643D",3,2019-01-04T10:04:22.000+08:00,2019-01-04T10:11:44.000+08:00,442.0,1
oa_mbr,M3353,1.0,"BS09218D,BS09298D",2,2019-01-04T10:12:12.000+08:00,2019-01-04T10:35:44.000+08:00,1412.0,1
oa_mbr,M3353,1.0,"BS30452D,BS34147D",2,2019-01-04T10:28:40.000+08:00,2019-01-04T10:31:42.000+08:00,182.0,1
oa_mbr,M3353,1.0,"BS08761D,BS08968D,BS09075D",3,2019-01-04T10:44:22.000+08:00,2019-01-04T10:51:43.000+08:00,441.0,1
oa_mbr,M3353,1.0,"BS30452D,BS34147D,BS49143D",3,2019-01-04T10:56:18.000+08:00,2019-01-04T11:03:36.000+08:00,438.0,1
oa_mbr,M3353,1.0,"BS09075D,BS09298D",2,2019-01-04T11:00:21.000+08:00,2019-01-04T11:03:43.000+08:00,202.0,1
oa_mbr,M3353,1.0,"BS08761D,BS34643D",2,2019-01-04T11:16:09.000+08:00,2019-01-04T11:19:46.000+08:00,217.0,1
oa_mbr,M3353,1.0,"BS09053D,BS09218D",2,2019-01-04T11:16:31.000+08:00,2019-01-04T11:19:56.000+08:00,205.0,1
oa_mbr,M3353,1.0,"BS08968D,BS09053D,BS09075D",3,2019-01-04T11:20:21.000+08:00,2019-01-04T11:23:43.000+08:00,202.0,1
oa_mbr,M3353,1.0,"BS09590D,BS42653D",2,2019-01-04T11:36:06.000+08:00,2019-01-04T11:43:55.000+08:00,469.0,1
oa_mbr,M3353,1.0,"BS34147D,BS49143D",2,2019-01-04T14:32:30.000+08:00,2019-01-04T14:35:36.000+08:00,186.0,1
oa_mbr,M3353,1.0,"BS03377D,BS45211D",2,2019-01-04T14:52:35.000+08:00,2019-01-04T14:55:54.000+08:00,199.0,1
oa_mbr,M3353,1.0,"BS03377D,BS45211D",2,2019-01-04T15:08:02.000+08:00,2019-01-04T15:11:37.000+08:00,215.0,1
oa_mbr,M3353,1.0,"BS08968D,BS34643D",2,2019-01-04T15:20:17.000+08:00,2019-01-04T15:35:18.000+08:00,901.0,1
oa_mbr,M3353,1.0,"BS09075D,BS09218D",2,2019-01-04T15:36:16.000+08:00,2019-01-04T15:43:44.000+08:00,448.0,1
oa_mbr,M3353,1.0,"BS09945D,BS36242D",2,2019-01-04T15:52:49.000+08:00,2019-01-04T15:59:34.000+08:00,405.0,1
oa_mbr,M3353,1.0,"BS09691D,BS36263D",2,2019-01-04T16:08:05.000+08:00,2019-01-04T16:11:40.000+08:00,215.0,1
oa_mbr,M3353,1.0,"BS30452D,BS42653D",2,2019-01-04T16:40:12.000+08:00,2019-01-04T16:51:15.000+08:00,663.0,1
oa_mbr,M3353,1.0,"BS03377D,BS45211D",2,2019-01-04T18:36:16.000+08:00,2019-01-04T18:51:47.000+08:00,931.0,1
oa_mbr,M3353,1.0,"BS03377D,BS45211D",2,2019-01-04T19:08:29.000+08:00,2019-01-04T19:11:53.000+08:00,204.0,1
oa_mbr,M3353,1.0,"BS09390D,BS30452D",2,2019-01-04T19:32:17.000+08:00,2019-01-04T19:35:45.000+08:00,208.0,1
oa_mbr,M3353,2.0,"BS09590D,BS42672D",2,2019-01-04T08:56:17.000+08:00,2019-01-04T09:07:36.000+08:00,679.0,1
oa_mbr,M3353,2.0,"BS09590D,BS42672D",2,2019-01-04T09:24:36.000+08:00,2019-01-04T09:31:42.000+08:00,426.0,1
oa_mbr,M3353,2.0,"BS30321D,BS34147D",2,2019-01-04T12:08:12.000+08:00,2019-01-04T12:19:48.000+08:00,696.0,1
oa_mbr,M3353,2.0,"BS03377D,BS45211D",2,2019-01-04T12:24:01.000+08:00,2019-01-04T12:27:44.000+08:00,223.0,1
oa_mbr,M3353,2.0,"BS09390D,BS36258D",2,2019-01-04T13:44:26.000+08:00,2019-01-04T13:47:41.000+08:00,195.0,1
oa_mbr,M3353,2.0,"BS09691D,BS36258D",2,2019-01-04T14:00:41.000+08:00,2019-01-04T14:03:56.000+08:00,195.0,1
oa_mbr,M3353,2.0,"BS30321D,BS34147D",2,2019-01-04T15:28:14.000+08:00,2019-01-04T15:31:55.000+08:00,221.0,1
oa_mbr,M3353,2.0,"BS09390D,BS36206D",2,2019-01-04T17:32:11.000+08:00,2019-01-04T17:35:41.000+08:00,210.0,1
oa_mbr,M3353,2.0,"BS36242D,BS36258D",2,2019-01-04T17:44:19.000+08:00,2019-01-04T17:47:41.000+08:00,202.0,1
